{
  "hash": "c23267ac",
  "configHash": "d76097f1",
  "lockfileHash": "b33241bc",
  "browserHash": "6ac45bf6",
  "optimized": {
    "@angular/common": {
      "src": "../../../../../../node_modules/@angular/common/fesm2022/common.mjs",
      "file": "@angular_common.js",
      "fileHash": "0f8d993a",
      "needsInterop": false
    },
    "@angular/common/http": {
      "src": "../../../../../../node_modules/@angular/common/fesm2022/http.mjs",
      "file": "@angular_common_http.js",
      "fileHash": "97f233bc",
      "needsInterop": false
    },
    "@angular/core": {
      "src": "../../../../../../node_modules/@angular/core/fesm2022/core.mjs",
      "file": "@angular_core.js",
      "fileHash": "ccc846d1",
      "needsInterop": false
    },
    "@angular/forms": {
      "src": "../../../../../../node_modules/@angular/forms/fesm2022/forms.mjs",
      "file": "@angular_forms.js",
      "fileHash": "5430f14f",
      "needsInterop": false
    },
    "@angular/platform-browser": {
      "src": "../../../../../../node_modules/@angular/platform-browser/fesm2022/platform-browser.mjs",
      "file": "@angular_platform-browser.js",
      "fileHash": "d2618ed1",
      "needsInterop": false
    },
    "@angular/router": {
      "src": "../../../../../../node_modules/@angular/router/fesm2022/router.mjs",
      "file": "@angular_router.js",
      "fileHash": "31ac0ddf",
      "needsInterop": false
    },
    "rxjs": {
      "src": "../../../../../../node_modules/rxjs/dist/esm5/index.js",
      "file": "rxjs.js",
      "fileHash": "2e34d098",
      "needsInterop": false
    }
  },
  "chunks": {
    "chunk-H2VVSDGX": {
      "file": "chunk-H2VVSDGX.js"
    },
    "chunk-45BAP7XX": {
      "file": "chunk-45BAP7XX.js"
    },
    "chunk-PQXYJ6AB": {
      "file": "chunk-PQXYJ6AB.js"
    },
    "chunk-5KK3G4LL": {
      "file": "chunk-5KK3G4LL.js"
    },
    "chunk-M5D7KSMP": {
      "file": "chunk-M5D7KSMP.js"
    },
    "chunk-SESUV4G6": {
      "file": "chunk-SESUV4G6.js"
    }
  }
}