{
  "hash": "7be03307",
  "configHash": "ae00293b",
  "lockfileHash": "bd922ac3",
  "browserHash": "d1a14eaf",
  "optimized": {
    "@angular/cdk/bidi": {
      "src": "../../../../../../node_modules/@angular/cdk/fesm2022/bidi.mjs",
      "file": "@angular_cdk_bidi.js",
      "fileHash": "4b4f7dfb",
      "needsInterop": false
    },
    "@angular/common": {
      "src": "../../../../../../node_modules/@angular/common/fesm2022/common.mjs",
      "file": "@angular_common.js",
      "fileHash": "f1db34f2",
      "needsInterop": false
    },
    "@angular/common/http": {
      "src": "../../../../../../node_modules/@angular/common/fesm2022/http.mjs",
      "file": "@angular_common_http.js",
      "fileHash": "7923679d",
      "needsInterop": false
    },
    "@angular/core": {
      "src": "../../../../../../node_modules/@angular/core/fesm2022/core.mjs",
      "file": "@angular_core.js",
      "fileHash": "13a7e866",
      "needsInterop": false
    },
    "@angular/forms": {
      "src": "../../../../../../node_modules/@angular/forms/fesm2022/forms.mjs",
      "file": "@angular_forms.js",
      "fileHash": "06933cd3",
      "needsInterop": false
    },
    "@angular/material/snack-bar": {
      "src": "../../../../../../node_modules/@angular/material/fesm2022/snack-bar.mjs",
      "file": "@angular_material_snack-bar.js",
      "fileHash": "12c3620f",
      "needsInterop": false
    },
    "@angular/platform-browser": {
      "src": "../../../../../../node_modules/@angular/platform-browser/fesm2022/platform-browser.mjs",
      "file": "@angular_platform-browser.js",
      "fileHash": "5ae352da",
      "needsInterop": false
    },
    "@angular/router": {
      "src": "../../../../../../node_modules/@angular/router/fesm2022/router.mjs",
      "file": "@angular_router.js",
      "fileHash": "d9c4da2d",
      "needsInterop": false
    },
    "html2canvas": {
      "src": "../../../../../../node_modules/html2canvas/dist/html2canvas.esm.js",
      "file": "html2canvas.js",
      "fileHash": "b00a1b74",
      "needsInterop": false
    },
    "jspdf": {
      "src": "../../../../../../node_modules/jspdf/dist/jspdf.es.min.js",
      "file": "jspdf.js",
      "fileHash": "035d0087",
      "needsInterop": false
    },
    "rxjs": {
      "src": "../../../../../../node_modules/rxjs/dist/esm5/index.js",
      "file": "rxjs.js",
      "fileHash": "741e769c",
      "needsInterop": false
    },
    "sweetalert2": {
      "src": "../../../../../../node_modules/sweetalert2/dist/sweetalert2.esm.all.js",
      "file": "sweetalert2.js",
      "fileHash": "eedc02ee",
      "needsInterop": false
    }
  },
  "chunks": {
    "purify.es-DLOA3M2B": {
      "file": "purify__es-DLOA3M2B.js"
    },
    "index.es-WCLYJYPP": {
      "file": "index__es-WCLYJYPP.js"
    },
    "chunk-WUUVWCMF": {
      "file": "chunk-WUUVWCMF.js"
    },
    "chunk-IZUNMMZR": {
      "file": "chunk-IZUNMMZR.js"
    },
    "chunk-6AOPV6IW": {
      "file": "chunk-6AOPV6IW.js"
    },
    "chunk-NGFXRDWO": {
      "file": "chunk-NGFXRDWO.js"
    },
    "chunk-766LSGM3": {
      "file": "chunk-766LSGM3.js"
    },
    "chunk-5KK3G4LL": {
      "file": "chunk-5KK3G4LL.js"
    },
    "chunk-3RR57Y6O": {
      "file": "chunk-3RR57Y6O.js"
    },
    "chunk-3KKC7HMJ": {
      "file": "chunk-3KKC7HMJ.js"
    },
    "chunk-46DXP6YY": {
      "file": "chunk-46DXP6YY.js"
    }
  }
}